SKU,英文名,Part_Number,一级类目,二级类目,适用品牌,规格,主图文件名
WL-7IN-H4,7 Inch LED Headlight H4,LD-7H4-01,LED HEADLIGHT,7 INCH LED HEADLIGHT,Ford;Jeep,"7"";12V;H4",WL-7IN-H4-01.jpg
WL-575-H4,5.75 Inch LED Headlight,LD-575-01,LED HEADLIGHT,5.75 INCH LED HEADLIGHT,Harley;Jeep,"5.75"";H4",WL-575-H4-01.jpg
WL-45-ROUND,4.5 Inch Round LED Headlight,LD-45R-01,LED HEADLIGHT,4.5 INCH LED HEADLIGHT,Harley,"4.5"";12V",WL-45-ROUND-01.jpg
WL-FOG-H11,LED Fog Light Bulb H11,LD-FG-H11,LED FOG LIGHT,LED FOG LIGHT BULB,Toyota;Ford,H11;6000K,WL-FOG-H11-01.jpg
WL-FOG-ASSY,Fog Light Assembly Pair,LD-FG-ASY,LED FOG LIGHT,LED FOG LIGHT ASSEMBLY,Nissan;Honda,Pair;12V,WL-FOG-ASSY-01.jpg
BR-JK-07,Jeep Wrangler JK Bracket Kit,BR-JK-07,MOUNTING BRACKETS,JEEP BRACKETS,Jeep,2007-2017 JK,BR-JK-07-01.jpg
BR-F150-15,Ford F-150 LED Bracket,BR-F150-15,MOUNTING BRACKETS,FORD BRACKETS,Ford,2015+ F-150,BR-F150-15-01.jpg
BR-GM-CK,GM Silverado Bracket,BR-GM-CK,MOUNTING BRACKETS,GM BRACKETS,Chevrolet;GMC,2014+ CK,BR-GM-CK-01.jpg
WL-7IN-DRL,7 Inch LED with DRL Ring,LD-7DRL,LED HEADLIGHT,7 INCH LED HEADLIGHT,Jeep;Dodge,"7"";DRL;H4",WL-7IN-DRL-01.jpg
WL-BIKE-45,Motorcycle 4.5 LED Headlight,LD-MC-45,LED HEADLIGHT,4.5 INCH LED HEADLIGHT,Harley;Indian,"4.5"";DC12V",WL-BIKE-45-01.jpg
